RootCategory,Textbox69,SystemQuantity3,AdjustmentQuanity4,VatSales8,Profit5,Textbox462,ParentCategory,Qty5,CostOfSales5,Sales5,VatSales6,Profit3,Textbox459,ProductCategory,Textbox48,SystemQuantity2,AdjustmentQuanity3,VatSales5,Profit2,Textbox460,ProductName,ProductUOM2,CurrentRTL,Textbox51,Textbox52,Textbox53,VatRate,Textbox54,Profit1,MrgPercent,LastSold,Textbox56,CostOfSales,Textbox57,Textbox60,Profit,OverallMargin
TOBACCO,1190.00,10644.13,14490.15,2707.58,1138.44,9.66,CIGARETTES/ TOBACCO,1006.00,10542.09,14268.00,2668.00,1057.91,9.12,CAPSULES,24.00,74.64,153.00,28.59,49.77,40.00,VUSE EPOD CHILLED MINT 12MG,5000393169204,7.00,2.00,6.82,14.00,23.00,2.62,4.56,40.07,28/08/21,1190.00,10644.13,14490.15,2707.58,1138.44,9.66
TOBACCO,1190.00,10644.13,14490.15,2707.58,1138.44,9.66,CIGARETTES/ TOBACCO,1006.00,10542.09,14268.00,2668.00,1057.91,9.12,CAPSULES,24.00,74.64,153.00,28.59,49.77,40.00,VUSE  EPOD VERYBERRY VPRO 18MG,5000393169334,7.00,3.00,10.23,21.00,23.00,3.93,6.84,40.07,02/09/21,1190.00,10644.13,14490.15,2707.58,1138.44,9.66
TOBACCO,1190.00,10644.13,14490.15,2707.58,1138.44,9.66,CIGARETTES/ TOBACCO,1006.00,10542.09,14268.00,2668.00,1057.91,9.12,CAPSULES,24.00,74.64,153.00,28.59,49.77,40.00,VUSE EPOD GARDEN STWBERRY 18MG,5000393169556,7.00,2.00,6.82,14.00,23.00,2.62,4.56,40.07,02/09/21,1190.00,10644.13,14490.15,2707.58,1138.44,9.66
TOBACCO,1190.00,10644.13,14490.15,2707.58,1138.44,9.66,CIGARETTES/ TOBACCO,1006.00,10542.09,14268.00,2668.00,1057.91,9.12,CAPSULES,24.00,74.64,153.00,28.59,49.77,40.00,VUSE  EPOD VANILLA MEDLEY 12MG,5000393169648,7.00,1.00,3.41,7.00,23.00,1.31,2.28,40.07,27/08/21,1190.00,10644.13,14490.15,2707.58,1138.44,9.66
TOBACCO,1190.00,10644.13,14490.15,2707.58,1138.44,9.66,CIGARETTES/ TOBACCO,1006.00,10542.09,14268.00,2668.00,1057.91,9.12,CAPSULES,24.00,74.64,153.00,28.59,49.77,40.00,VUSE EPEN3 CRSHMINT VPRO,5000393169914,6.00,15.00,43.95,90.00,23.00,16.80,29.25,39.96,04/09/21,1190.00,10644.13,14490.15,2707.58,1138.44,9.66
TOBACCO,1190.00,10644.13,14490.15,2707.58,1138.44,9.66,CIGARETTES/ TOBACCO,1006.00,10542.09,14268.00,2668.00,1057.91,9.12,CAPSULES,24.00,74.64,153.00,28.59,49.77,40.00,VYPE EPOD GOLDEN TOBACCO 18MG,5000393368140,7.00,1.00,3.41,7.00,23.00,1.31,2.28,40.07,27/08/21,1190.00,10644.13,14490.15,2707.58,1138.44,9.66
TOBACCO,1190.00,10644.13,14490.15,2707.58,1138.44,9.66,CIGARETTES/ TOBACCO,1006.00,10542.09,14268.00,2668.00,1057.91,9.12,CIGARETTES,823.00,8757.32,11708.50,2189.47,761.71,8.00,MARLBORO GOLD SK 20S 20PK,40235257,14.20,1.00,10.60,14.20,23.00,2.66,0.94,8.15,29/08/21,1190.00,10644.13,14490.15,2707.58,1138.44,9.66
TOBACCO,1190.00,10644.13,14490.15,2707.58,1138.44,9.66,CIGARETTES/ TOBACCO,1006.00,10542.09,14268.00,2668.00,1057.91,9.12,CIGARETTES,823.00,8757.32,11708.50,2189.47,761.71,8.00,JPS BLUE 100S 20PK,4030600111758,12.50,5.00,46.30,62.50,23.00,11.70,4.50,8.86,03/09/21,1190.00,10644.13,14490.15,2707.58,1138.44,9.66
TOBACCO,1190.00,10644.13,14490.15,2707.58,1138.44,9.66,CIGARETTES/ TOBACCO,1006.00,10542.09,14268.00,2668.00,1057.91,9.12,CIGARETTES,823.00,8757.32,11708.50,2189.47,761.71,8.00,JPS BLUE  20 KS 20PK,4030600111789,12.50,16.00,148.96,200.00,23.00,37.44,13.60,8.37,04/09/21,1190.00,10644.13,14490.15,2707.58,1138.44,9.66
TOBACCO,1190.00,10644.13,14490.15,2707.58,1138.44,9.66,CIGARETTES/ TOBACCO,1006.00,10542.09,14268.00,2668.00,1057.91,9.12,CIGARETTES,823.00,8757.32,11708.50,2189.47,761.71,8.00,PLAYERS NAVY CUT 20S 20PK,4030600178973,14.80,2.00,22.12,29.60,23.00,5.54,1.94,8.06,05/09/21,1190.00,10644.13,14490.15,2707.58,1138.44,9.66
TOBACCO,1190.00,10644.13,14490.15,2707.58,1138.44,9.66,CIGARETTES/ TOBACCO,1006.00,10542.09,14268.00,2668.00,1057.91,9.12,CIGARETTES,823.00,8757.32,11708.50,2189.47,761.71,8.00,JOHN PLAYER BLUE BIG 24S 24PK   8,4030600204900,16.20,3.00,36.93,48.60,23.00,9.09,2.58,6.53,01/09/21,1190.00,10644.13,14490.15,2707.58,1138.44,9.66
TOBACCO,1190.00,10644.13,14490.15,2707.58,1138.44,9.66,CIGARETTES/ TOBACCO,1006.00,10542.09,14268.00,2668.00,1057.91,9.12,CIGARETTES,823.00,8757.32,11708.50,2189.47,761.71,8.00,JOHN PLAYER BLUE 27'S 27PK   8,4030600207208,17.90,15.00,200.25,268.50,23.00,50.25,18.00,8.25,03/09/21,1190.00,10644.13,14490.15,2707.58,1138.44,9.66
TOBACCO,1190.00,10644.13,14490.15,2707.58,1138.44,9.66,CIGARETTES/ TOBACCO,1006.00,10542.09,14268.00,2668.00,1057.91,9.12,CIGARETTES,823.00,8757.32,11708.50,2189.47,761.71,8.00,JPS BLUE 28'S,4030600261484,16.50,5.00,61.20,82.50,23.00,15.45,5.85,8.72,05/09/21,1190.00,10644.13,14490.15,2707.58,1138.44,9.66
TOBACCO,1190.00,10644.13,14490.15,2707.58,1138.44,9.66,CIGARETTES/ TOBACCO,1006.00,10542.09,14268.00,2668.00,1057.91,9.12,CIGARETTES,823.00,8757.32,11708.50,2189.47,761.71,8.00,JPS RED  23'S,4030600261545,14.15,9.00,94.95,127.35,23.00,23.85,8.55,8.26,04/09/21,1190.00,10644.13,14490.15,2707.58,1138.44,9.66
TOBACCO,1190.00,10644.13,14490.15,2707.58,1138.44,9.66,CIGARETTES/ TOBACCO,1006.00,10542.09,14268.00,2668.00,1057.91,9.12,CIGARETTES,823.00,8757.32,11708.50,2189.47,761.71,8.00,JPS BLUE 35'S,4030600264775,20.00,6.00,90.24,120.00,23.00,22.44,7.32,7.50,28/08/21,1190.00,10644.13,14490.15,2707.58,1138.44,9.66
TOBACCO,1190.00,10644.13,14490.15,2707.58,1138.44,9.66,CIGARETTES/ TOBACCO,1006.00,10542.09,14268.00,2668.00,1057.91,9.12,CIGARETTES,823.00,8757.32,11708.50,2189.47,761.71,8.00,JPS COOL GREEN 100'S 20,4030600275696,12.30,1.00,9.10,12.30,23.00,2.30,0.90,9.00,25/08/21,1190.00,10644.13,14490.15,2707.58,1138.44,9.66
TOBACCO,1190.00,10644.13,14490.15,2707.58,1138.44,9.66,CIGARETTES/ TOBACCO,1006.00,10542.09,14268.00,2668.00,1057.91,9.12,CIGARETTES,823.00,8757.32,11708.50,2189.47,761.71,8.00,SUPERKING BLACK 20PK,4030600282953,14.30,18.00,192.06,257.40,23.00,48.06,17.28,8.25,04/09/21,1190.00,10644.13,14490.15,2707.58,1138.44,9.66
TOBACCO,1190.00,10644.13,14490.15,2707.58,1138.44,9.66,CIGARETTES/ TOBACCO,1006.00,10542.09,14268.00,2668.00,1057.91,9.12,CIGARETTES,823.00,8757.32,11708.50,2189.47,761.71,8.00,JPS BLUE KS 34'S,4030600289471,20.00,16.00,237.12,320.00,23.00,59.84,23.04,8.86,05/09/21,1190.00,10644.13,14490.15,2707.58,1138.44,9.66
TOBACCO,1190.00,10644.13,14490.15,2707.58,1138.44,9.66,CIGARETTES/ TOBACCO,1006.00,10542.09,14268.00,2668.00,1057.91,9.12,CIGARETTES,823.00,8757.32,11708.50,2189.47,761.71,8.00,BLAS MENTHOL CHILL CARD,4030700134282,0.35,29.00,6.09,10.15,23.00,1.95,2.11,25.73,04/09/21,1190.00,10644.13,14490.15,2707.58,1138.44,9.66
TOBACCO,1190.00,10644.13,14490.15,2707.58,1138.44,9.66,CIGARETTES/ TOBACCO,1006.00,10542.09,14268.00,2668.00,1057.91,9.12,CIGARETTES,823.00,8757.32,11708.50,2189.47,761.71,8.00,CAMEL FILTER 20 PK 20PK,40329055,14.00,1.00,10.45,14.00,23.00,2.62,0.93,8.17,03/09/21,1190.00,10644.13,14490.15,2707.58,1138.44,9.66
TOBACCO,1190.00,10644.13,14490.15,2707.58,1138.44,9.66,CIGARETTES/ TOBACCO,1006.00,10542.09,14268.00,2668.00,1057.91,9.12,CIGARETTES,823.00,8757.32,11708.50,2189.47,761.71,8.00,CAMEL BLUE 20 PK 20PK,40329086,14.00,6.00,62.70,84.00,23.00,15.72,5.58,8.17,05/09/21,1190.00,10644.13,14490.15,2707.58,1138.44,9.66
TOBACCO,1190.00,10644.13,14490.15,2707.58,1138.44,9.66,CIGARETTES/ TOBACCO,1006.00,10542.09,14268.00,2668.00,1057.91,9.12,CIGARETTES,823.00,8757.32,11708.50,2189.47,761.71,8.00,JPS SILVER KS 20PK,5010813814843,12.50,1.00,9.26,12.50,23.00,2.34,0.90,8.86,02/09/21,1190.00,10644.13,14490.15,2707.58,1138.44,9.66
TOBACCO,1190.00,10644.13,14490.15,2707.58,1138.44,9.66,CIGARETTES/ TOBACCO,1006.00,10542.09,14268.00,2668.00,1057.91,9.12,CIGARETTES,823.00,8757.32,11708.50,2189.47,761.71,8.00,JPS SILVER 100 S 20PK,5010813814874,12.50,2.00,18.52,25.00,23.00,4.68,1.80,8.86,26/08/21,1190.00,10644.13,14490.15,2707.58,1138.44,9.66
TOBACCO,1190.00,10644.13,14490.15,2707.58,1138.44,9.66,CIGARETTES/ TOBACCO,1006.00,10542.09,14268.00,2668.00,1057.91,9.12,CIGARETTES,823.00,8757.32,11708.50,2189.47,761.71,8.00,JPS RED KS 715 20PK,5010813814911,12.50,5.00,46.30,62.50,23.00,11.70,4.50,8.86,02/09/21,1190.00,10644.13,14490.15,2707.58,1138.44,9.66
TOBACCO,1190.00,10644.13,14490.15,2707.58,1138.44,9.66,CIGARETTES/ TOBACCO,1006.00,10542.09,14268.00,2668.00,1057.91,9.12,CIGARETTES,823.00,8757.32,11708.50,2189.47,761.71,8.00,JPS RED 100 FLASH 715 20PK,5010813814935,12.50,21.00,194.46,262.50,23.00,49.14,18.90,8.86,05/09/21,1190.00,10644.13,14490.15,2707.58,1138.44,9.66
TOBACCO,1190.00,10644.13,14490.15,2707.58,1138.44,9.66,CIGARETTES/ TOBACCO,1006.00,10542.09,14268.00,2668.00,1057.91,9.12,CIGARETTES,823.00,8757.32,11708.50,2189.47,761.71,8.00,MAYFAIR KINGSIZE ORIGINAL 20PK,5011054100009,12.80,7.00,67.06,89.60,23.00,16.74,5.80,7.96,02/09/21,1190.00,10644.13,14490.15,2707.58,1138.44,9.66
TOBACCO,1190.00,10644.13,14490.15,2707.58,1138.44,9.66,CIGARETTES/ TOBACCO,1006.00,10542.09,14268.00,2668.00,1057.91,9.12,CIGARETTES,823.00,8757.32,11708.50,2189.47,761.71,8.00,MAYFAIR KINGSIZE SMOOTH 20PK,5011054100030,12.80,9.00,86.22,115.20,23.00,21.51,7.47,7.97,01/09/21,1190.00,10644.13,14490.15,2707.58,1138.44,9.66
TOBACCO,1190.00,10644.13,14490.15,2707.58,1138.44,9.66,CIGARETTES/ TOBACCO,1006.00,10542.09,14268.00,2668.00,1057.91,9.12,CIGARETTES,823.00,8757.32,11708.50,2189.47,761.71,8.00,MAYFAIR S KINGS ORGINAL 20PK,5011054100139,12.80,10.00,95.80,128.00,23.00,23.90,8.30,7.97,05/09/21,1190.00,10644.13,14490.15,2707.58,1138.44,9.66
TOBACCO,1190.00,10644.13,14490.15,2707.58,1138.44,9.66,CIGARETTES/ TOBACCO,1006.00,10542.09,14268.00,2668.00,1057.91,9.12,CIGARETTES,823.00,8757.32,11708.50,2189.47,761.71,8.00,MAYFAIR S/KING SKY BLUE 20 S,5011054100160,12.80,6.00,57.48,76.80,23.00,14.35,4.97,7.96,03/09/21,1190.00,10644.13,14490.15,2707.58,1138.44,9.66
TOBACCO,1190.00,10644.13,14490.15,2707.58,1138.44,9.66,CIGARETTES/ TOBACCO,1006.00,10542.09,14268.00,2668.00,1057.91,9.12,CIGARETTES,823.00,8757.32,11708.50,2189.47,761.71,8.00,B & H GOLD KS BIG BOX 23S 23PK,5011054100702,16.30,18.00,219.78,293.40,23.00,54.90,18.72,7.85,03/09/21,1190.00,10644.13,14490.15,2707.58,1138.44,9.66
TOBACCO,1190.00,10644.13,14490.15,2707.58,1138.44,9.66,CIGARETTES/ TOBACCO,1006.00,10542.09,14268.00,2668.00,1057.91,9.12,CIGARETTES,823.00,8757.32,11708.50,2189.47,761.71,8.00,SILK CUT PURP BIG BX 23'S 23PK,5011054100764,16.30,5.00,61.65,81.50,23.00,15.25,4.60,6.94,03/09/21,1190.00,10644.13,14490.15,2707.58,1138.44,9.66
TOBACCO,1190.00,10644.13,14490.15,2707.58,1138.44,9.66,CIGARETTES/ TOBACCO,1006.00,10542.09,14268.00,2668.00,1057.91,9.12,CIGARETTES,823.00,8757.32,11708.50,2189.47,761.71,8.00,SILK CUT BLUE BIG BX 23'S 23PK,5011054100801,16.30,2.00,24.42,32.60,23.00,6.10,2.08,7.85,03/09/21,1190.00,10644.13,14490.15,2707.58,1138.44,9.66
TOBACCO,1190.00,10644.13,14490.15,2707.58,1138.44,9.66,CIGARETTES/ TOBACCO,1006.00,10542.09,14268.00,2668.00,1057.91,9.12,CIGARETTES,823.00,8757.32,11708.50,2189.47,761.71,8.00,SILK CUT PURPLE 100'S 20PK,5011054101204,14.50,16.00,173.76,232.00,23.00,43.36,14.88,7.89,04/09/21,1190.00,10644.13,14490.15,2707.58,1138.44,9.66
TOBACCO,1190.00,10644.13,14490.15,2707.58,1138.44,9.66,CIGARETTES/ TOBACCO,1006.00,10542.09,14268.00,2668.00,1057.91,9.12,CIGARETTES,823.00,8757.32,11708.50,2189.47,761.71,8.00,BENSON & HEDGES SILVER KS 20PK,5011054102034,14.00,1.00,10.45,14.00,23.00,2.62,0.93,8.17,23/08/21,1190.00,10644.13,14490.15,2707.58,1138.44,9.66
TOBACCO,1190.00,10644.13,14490.15,2707.58,1138.44,9.66,CIGARETTES/ TOBACCO,1006.00,10542.09,14268.00,2668.00,1057.91,9.12,CIGARETTES,823.00,8757.32,11708.50,2189.47,761.71,8.00,SILK CUT RED 20'S 20PK,5011054102201,14.50,1.00,10.86,14.50,23.00,2.71,0.93,7.89,24/08/21,1190.00,10644.13,14490.15,2707.58,1138.44,9.66
TOBACCO,1190.00,10644.13,14490.15,2707.58,1138.44,9.66,CIGARETTES/ TOBACCO,1006.00,10542.09,14268.00,2668.00,1057.91,9.12,CIGARETTES,823.00,8757.32,11708.50,2189.47,761.71,8.00,B & H GOLD 20'S 20PK,5011054104205,14.50,70.00,760.20,1015.00,23.00,189.70,65.10,7.89,05/09/21,1190.00,10644.13,14490.15,2707.58,1138.44,9.66
TOBACCO,1190.00,10644.13,14490.15,2707.58,1138.44,9.66,CIGARETTES/ TOBACCO,1006.00,10542.09,14268.00,2668.00,1057.91,9.12,CIGARETTES,823.00,8757.32,11708.50,2189.47,761.71,8.00,SILK CUT BLUE 100'S 20PK,5011054105202,14.50,3.00,32.58,43.50,23.00,8.13,2.79,7.89,05/09/21,1190.00,10644.13,14490.15,2707.58,1138.44,9.66
TOBACCO,1190.00,10644.13,14490.15,2707.58,1138.44,9.66,CIGARETTES/ TOBACCO,1006.00,10542.09,14268.00,2668.00,1057.91,9.12,CIGARETTES,823.00,8757.32,11708.50,2189.47,761.71,8.00,SILK CUT PURPLE KING 20PK,5011054108203,14.50,72.00,784.78,1044.00,23.00,195.12,64.10,7.55,05/09/21,1190.00,10644.13,14490.15,2707.58,1138.44,9.66
TOBACCO,1190.00,10644.13,14490.15,2707.58,1138.44,9.66,CIGARETTES/ TOBACCO,1006.00,10542.09,14268.00,2668.00,1057.91,9.12,CIGARETTES,823.00,8757.32,11708.50,2189.47,761.71,8.00,SILK CUT BLU K SIZE 20PK 20PK,5011054109200,14.50,33.00,359.81,478.50,23.00,89.43,29.26,7.52,05/09/21,1190.00,10644.13,14490.15,2707.58,1138.44,9.66
TOBACCO,1190.00,10644.13,14490.15,2707.58,1138.44,9.66,CIGARETTES/ TOBACCO,1006.00,10542.09,14268.00,2668.00,1057.91,9.12,CIGARETTES,823.00,8757.32,11708.50,2189.47,761.71,8.00,SILK CUT SILV K SIZE 20P 20PK,5011054112200,14.50,15.00,162.90,217.50,23.00,40.65,13.95,7.89,05/09/21,1190.00,10644.13,14490.15,2707.58,1138.44,9.66
TOBACCO,1190.00,10644.13,14490.15,2707.58,1138.44,9.66,CIGARETTES/ TOBACCO,1006.00,10542.09,14268.00,2668.00,1057.91,9.12,CIGARETTES,823.00,8757.32,11708.50,2189.47,761.71,8.00,SILK CUT SILV 100S 20PK 20PK,5011054123206,14.50,3.00,32.58,43.50,23.00,8.13,2.79,7.89,04/09/21,1190.00,10644.13,14490.15,2707.58,1138.44,9.66
TOBACCO,1190.00,10644.13,14490.15,2707.58,1138.44,9.66,CIGARETTES/ TOBACCO,1006.00,10542.09,14268.00,2668.00,1057.91,9.12,CIGARETTES,823.00,8757.32,11708.50,2189.47,761.71,8.00,DUNHILL INTERNATIONAL 20PK,50393510,14.70,2.00,23.08,29.40,23.00,5.50,0.82,3.43,01/09/21,1190.00,10644.13,14490.15,2707.58,1138.44,9.66
TOBACCO,1190.00,10644.13,14490.15,2707.58,1138.44,9.66,CIGARETTES/ TOBACCO,1006.00,10542.09,14268.00,2668.00,1057.91,9.12,CIGARETTES,823.00,8757.32,11708.50,2189.47,761.71,8.00,SUPERKINGS BRIGHT 100'S 20PK,50432226,14.30,2.00,21.34,28.60,23.00,5.34,1.92,8.25,25/08/21,1190.00,10644.13,14490.15,2707.58,1138.44,9.66
TOBACCO,1190.00,10644.13,14490.15,2707.58,1138.44,9.66,CIGARETTES/ TOBACCO,1006.00,10542.09,14268.00,2668.00,1057.91,9.12,CIGARETTES,823.00,8757.32,11708.50,2189.47,761.71,8.00,L&M RED LABEL KINGSIZE 20PK,5060077781771,12.00,1.00,8.97,12.00,23.00,2.24,0.79,8.09,28/08/21,1190.00,10644.13,14490.15,2707.58,1138.44,9.66
TOBACCO,1190.00,10644.13,14490.15,2707.58,1138.44,9.66,CIGARETTES/ TOBACCO,1006.00,10542.09,14268.00,2668.00,1057.91,9.12,CIGARETTES,823.00,8757.32,11708.50,2189.47,761.71,8.00,L&M BLUE LABEL KINGSIZE 20PK,5060077781818,12.00,3.00,26.91,36.00,23.00,6.72,2.37,8.09,04/09/21,1190.00,10644.13,14490.15,2707.58,1138.44,9.66
TOBACCO,1190.00,10644.13,14490.15,2707.58,1138.44,9.66,CIGARETTES/ TOBACCO,1006.00,10542.09,14268.00,2668.00,1057.91,9.12,CIGARETTES,823.00,8757.32,11708.50,2189.47,761.71,8.00,MARLBORO GOLD TOUCH 20PK,5060077782310,12.50,13.00,122.33,162.50,23.00,30.42,9.75,7.38,04/09/21,1190.00,10644.13,14490.15,2707.58,1138.44,9.66
TOBACCO,1190.00,10644.13,14490.15,2707.58,1138.44,9.66,CIGARETTES/ TOBACCO,1006.00,10542.09,14268.00,2668.00,1057.91,9.12,CIGARETTES,823.00,8757.32,11708.50,2189.47,761.71,8.00,MARLBORO GOLD 27'S 27PK,5060592003228,18.00,16.00,215.20,288.00,23.00,53.90,18.90,8.07,04/09/21,1190.00,10644.13,14490.15,2707.58,1138.44,9.66
TOBACCO,1190.00,10644.13,14490.15,2707.58,1138.44,9.66,CIGARETTES/ TOBACCO,1006.00,10542.09,14268.00,2668.00,1057.91,9.12,CIGARETTES,823.00,8757.32,11708.50,2189.47,761.71,8.00,CARROLLS NUMBER ONE 20PK,5099513101200,14.50,9.00,98.13,130.50,23.00,24.39,7.98,7.52,05/09/21,1190.00,10644.13,14490.15,2707.58,1138.44,9.66
TOBACCO,1190.00,10644.13,14490.15,2707.58,1138.44,9.66,CIGARETTES/ TOBACCO,1006.00,10542.09,14268.00,2668.00,1057.91,9.12,CIGARETTES,823.00,8757.32,11708.50,2189.47,761.71,8.00,BENSON & HEDGES GOLD 35'S 35PK,53992277,25.00,9.00,168.48,225.00,23.00,42.03,14.49,7.92,02/09/21,1190.00,10644.13,14490.15,2707.58,1138.44,9.66
TOBACCO,1190.00,10644.13,14490.15,2707.58,1138.44,9.66,CIGARETTES/ TOBACCO,1006.00,10542.09,14268.00,2668.00,1057.91,9.12,CIGARETTES,823.00,8757.32,11708.50,2189.47,761.71,8.00,SILK CUT BLUE 27'S 27PK,53992338,18.80,6.00,84.48,112.80,23.00,21.12,7.20,7.85,04/09/21,1190.00,10644.13,14490.15,2707.58,1138.44,9.66
TOBACCO,1190.00,10644.13,14490.15,2707.58,1138.44,9.66,CIGARETTES/ TOBACCO,1006.00,10542.09,14268.00,2668.00,1057.91,9.12,CIGARETTES,823.00,8757.32,11708.50,2189.47,761.71,8.00,SILK CUT PURPLE 27'S 27PK,53992345,18.80,5.00,70.40,94.00,23.00,17.60,6.00,7.85,04/09/21,1190.00,10644.13,14490.15,2707.58,1138.44,9.66
TOBACCO,1190.00,10644.13,14490.15,2707.58,1138.44,9.66,CIGARETTES/ TOBACCO,1006.00,10542.09,14268.00,2668.00,1057.91,9.12,CIGARETTES,823.00,8757.32,11708.50,2189.47,761.71,8.00,BENSON & H GOLD 27'S 27PK,53992352,18.80,34.00,478.72,639.20,23.00,119.62,40.86,7.86,04/09/21,1190.00,10644.13,14490.15,2707.58,1138.44,9.66
TOBACCO,1190.00,10644.13,14490.15,2707.58,1138.44,9.66,CIGARETTES/ TOBACCO,1006.00,10542.09,14268.00,2668.00,1057.91,9.12,CIGARETTES,823.00,8757.32,11708.50,2189.47,761.71,8.00,MAYFAIR SEA GREEN SKING 20PK,53992369,12.80,8.00,76.64,102.40,23.00,19.12,6.64,7.97,05/09/21,1190.00,10644.13,14490.15,2707.58,1138.44,9.66
TOBACCO,1190.00,10644.13,14490.15,2707.58,1138.44,9.66,CIGARETTES/ TOBACCO,1006.00,10542.09,14268.00,2668.00,1057.91,9.12,CIGARETTES,823.00,8757.32,11708.50,2189.47,761.71,8.00,MAYFAIR SEA GREEN 20PK,53992376,12.80,5.00,47.90,64.00,23.00,11.95,4.15,7.97,03/09/21,1190.00,10644.13,14490.15,2707.58,1138.44,9.66
TOBACCO,1190.00,10644.13,14490.15,2707.58,1138.44,9.66,CIGARETTES/ TOBACCO,1006.00,10542.09,14268.00,2668.00,1057.91,9.12,CIGARETTES,823.00,8757.32,11708.50,2189.47,761.71,8.00,SILK CUT CHOICE GREEN 20PK,53992383,14.50,27.00,293.22,391.50,23.00,73.17,25.11,7.89,05/09/21,1190.00,10644.13,14490.15,2707.58,1138.44,9.66
TOBACCO,1190.00,10644.13,14490.15,2707.58,1138.44,9.66,CIGARETTES/ TOBACCO,1006.00,10542.09,14268.00,2668.00,1057.91,9.12,CIGARETTES,823.00,8757.32,11708.50,2189.47,761.71,8.00,MAYFAIR CHOICE RED&GREEN 20PK,53992390,12.80,1.00,9.33,12.80,23.00,2.39,1.08,10.37,01/09/21,1190.00,10644.13,14490.15,2707.58,1138.44,9.66
TOBACCO,1190.00,10644.13,14490.15,2707.58,1138.44,9.66,CIGARETTES/ TOBACCO,1006.00,10542.09,14268.00,2668.00,1057.91,9.12,CIGARETTES,823.00,8757.32,11708.50,2189.47,761.71,8.00,SILK CUT CHOICE GRN SLINE 20PK,53992413,14.00,19.00,199.50,266.00,23.00,49.75,16.75,7.75,04/09/21,1190.00,10644.13,14490.15,2707.58,1138.44,9.66
TOBACCO,1190.00,10644.13,14490.15,2707.58,1138.44,9.66,CIGARETTES/ TOBACCO,1006.00,10542.09,14268.00,2668.00,1057.91,9.12,CIGARETTES,823.00,8757.32,11708.50,2189.47,761.71,8.00,MAYFAIR SK ORIGINAL 27'S 27PK,53992444,17.00,5.00,63.65,85.00,23.00,15.90,5.45,7.89,04/09/21,1190.00,10644.13,14490.15,2707.58,1138.44,9.66
TOBACCO,1190.00,10644.13,14490.15,2707.58,1138.44,9.66,CIGARETTES/ TOBACCO,1006.00,10542.09,14268.00,2668.00,1057.91,9.12,CIGARETTES,823.00,8757.32,11708.50,2189.47,761.71,8.00,MAYFAIR ORIGINAL 27'S 27PK,53992451,17.00,1.00,12.73,17.00,23.00,3.18,1.09,7.89,28/08/21,1190.00,10644.13,14490.15,2707.58,1138.44,9.66
TOBACCO,1190.00,10644.13,14490.15,2707.58,1138.44,9.66,CIGARETTES/ TOBACCO,1006.00,10542.09,14268.00,2668.00,1057.91,9.12,CIGARETTES,823.00,8757.32,11708.50,2189.47,761.71,8.00,JOHN PLAYER BLUE 20PK 20 PK,53996084,14.10,27.00,284.58,380.70,23.00,71.27,24.85,8.03,04/09/21,1190.00,10644.13,14490.15,2707.58,1138.44,9.66
TOBACCO,1190.00,10644.13,14490.15,2707.58,1138.44,9.66,CIGARETTES/ TOBACCO,1006.00,10542.09,14268.00,2668.00,1057.91,9.12,CIGARETTES,823.00,8757.32,11708.50,2189.47,761.71,8.00,MARLBORO GOLD 20K,87248630,14.20,48.00,513.20,681.60,23.00,127.66,40.74,7.35,04/09/21,1190.00,10644.13,14490.15,2707.58,1138.44,9.66
TOBACCO,1190.00,10644.13,14490.15,2707.58,1138.44,9.66,CIGARETTES/ TOBACCO,1006.00,10542.09,14268.00,2668.00,1057.91,9.12,CIGARETTES,823.00,8757.32,11708.50,2189.47,761.71,8.00,MARLBORO RED 20PK,87248777,14.20,12.00,127.97,170.40,23.00,31.92,10.51,7.59,05/09/21,1190.00,10644.13,14490.15,2707.58,1138.44,9.66
TOBACCO,1190.00,10644.13,14490.15,2707.58,1138.44,9.66,CIGARETTES/ TOBACCO,1006.00,10542.09,14268.00,2668.00,1057.91,9.12,CIGARETTES,823.00,8757.32,11708.50,2189.47,761.71,8.00,MAJOR 25PK,96135914,17.90,5.00,66.70,89.50,23.00,16.75,6.05,8.32,04/09/21,1190.00,10644.13,14490.15,2707.58,1138.44,9.66
TOBACCO,1190.00,10644.13,14490.15,2707.58,1138.44,9.66,CIGARETTES/ TOBACCO,1006.00,10542.09,14268.00,2668.00,1057.91,9.12,CIGARETTES,823.00,8757.32,11708.50,2189.47,761.71,8.00,ROTHMANS KS ORIGINAL 20PK,96136003,14.70,2.00,21.84,29.40,23.00,5.50,2.06,8.62,31/08/21,1190.00,10644.13,14490.15,2707.58,1138.44,9.66
TOBACCO,1190.00,10644.13,14490.15,2707.58,1138.44,9.66,CIGARETTES/ TOBACCO,1006.00,10542.09,14268.00,2668.00,1057.91,9.12,CIGARETTES,823.00,8757.32,11708.50,2189.47,761.71,8.00,VOGUE ESSENCE BLEUE 20PK,96136010,14.30,11.00,117.48,157.30,23.00,29.37,10.45,8.17,05/09/21,1190.00,10644.13,14490.15,2707.58,1138.44,9.66
TOBACCO,1190.00,10644.13,14490.15,2707.58,1138.44,9.66,CIGARETTES/ TOBACCO,1006.00,10542.09,14268.00,2668.00,1057.91,9.12,CIGARETTES,823.00,8757.32,11708.50,2189.47,761.71,8.00,PALL MALL KS RED XL 30PK,96184578,16.80,12.00,152.04,201.60,23.00,37.68,11.88,7.25,05/09/21,1190.00,10644.13,14490.15,2707.58,1138.44,9.66
TOBACCO,1190.00,10644.13,14490.15,2707.58,1138.44,9.66,CIGARETTES/ TOBACCO,1006.00,10542.09,14268.00,2668.00,1057.91,9.12,CIGARETTES,823.00,8757.32,11708.50,2189.47,761.71,8.00,VOGUE COMPACT BLEUE 20PK,96191446,13.30,6.00,59.52,79.80,23.00,14.94,5.34,8.23,01/09/21,1190.00,10644.13,14490.15,2707.58,1138.44,9.66
TOBACCO,1190.00,10644.13,14490.15,2707.58,1138.44,9.66,CIGARETTES/ TOBACCO,1006.00,10542.09,14268.00,2668.00,1057.91,9.12,CIGARETTES,823.00,8757.32,11708.50,2189.47,761.71,8.00,PALL MALL FLOW KS RED 20PK,96191453,12.80,28.00,265.72,358.40,23.00,66.93,25.75,8.83,05/09/21,1190.00,10644.13,14490.15,2707.58,1138.44,9.66
TOBACCO,1190.00,10644.13,14490.15,2707.58,1138.44,9.66,CIGARETTES/ TOBACCO,1006.00,10542.09,14268.00,2668.00,1057.91,9.12,CIGARETTES,823.00,8757.32,11708.50,2189.47,761.71,8.00,PALL MALL FLOW SK RED 20PK,96191460,12.80,25.00,237.25,320.00,23.00,59.75,23.00,8.84,05/09/21,1190.00,10644.13,14490.15,2707.58,1138.44,9.66
TOBACCO,1190.00,10644.13,14490.15,2707.58,1138.44,9.66,CIGARETTES/ TOBACCO,1006.00,10542.09,14268.00,2668.00,1057.91,9.12,CIGARETTES,823.00,8757.32,11708.50,2189.47,761.71,8.00,PALL MALL FLOW KS BLUE 20PK,96191477,12.80,27.00,256.23,345.60,23.00,64.56,24.81,8.83,04/09/21,1190.00,10644.13,14490.15,2707.58,1138.44,9.66
TOBACCO,1190.00,10644.13,14490.15,2707.58,1138.44,9.66,CIGARETTES/ TOBACCO,1006.00,10542.09,14268.00,2668.00,1057.91,9.12,CIGARETTES,823.00,8757.32,11708.50,2189.47,761.71,8.00,PALL MALL FLOW SK BLUE 20PK,96191484,12.80,6.00,56.94,76.80,23.00,14.34,5.52,8.84,04/09/21,1190.00,10644.13,14490.15,2707.58,1138.44,9.66
TOBACCO,1190.00,10644.13,14490.15,2707.58,1138.44,9.66,CIGARETTES/ TOBACCO,1006.00,10542.09,14268.00,2668.00,1057.91,9.12,CIGARETTES,823.00,8757.32,11708.50,2189.47,761.71,8.00,PALL MALL SHIFT KS 20PK,96191491,12.50,15.00,138.90,187.50,23.00,35.09,13.51,8.86,04/09/21,1190.00,10644.13,14490.15,2707.58,1138.44,9.66
TOBACCO,1190.00,10644.13,14490.15,2707.58,1138.44,9.66,CIGARETTES/ TOBACCO,1006.00,10542.09,14268.00,2668.00,1057.91,9.12,CIGARS,4.00,26.55,38.50,7.20,4.75,15.18,HAMLET CIGAR 5 PK,5011054262103,7.80,3.00,16.11,23.40,23.00,4.38,2.91,15.30,04/09/21,1190.00,10644.13,14490.15,2707.58,1138.44,9.66
TOBACCO,1190.00,10644.13,14490.15,2707.58,1138.44,9.66,CIGARETTES/ TOBACCO,1006.00,10542.09,14268.00,2668.00,1057.91,9.12,CIGARS,4.00,26.55,38.50,7.20,4.75,15.18,HAMLET CIGAR 10PK,50143856,15.10,1.00,10.44,15.10,23.00,2.82,1.84,14.98,03/09/21,1190.00,10644.13,14490.15,2707.58,1138.44,9.66
TOBACCO,1190.00,10644.13,14490.15,2707.58,1138.44,9.66,CIGARETTES/ TOBACCO,1006.00,10542.09,14268.00,2668.00,1057.91,9.12,E CIG & VAPE ACCESSORIES,7.00,23.77,65.00,12.13,29.10,55.04,VYPE EPEN3 START KIT 12MG,5000393168184,10.00,2.00,9.76,20.00,23.00,3.74,6.50,39.98,27/08/21,1190.00,10644.13,14490.15,2707.58,1138.44,9.66
TOBACCO,1190.00,10644.13,14490.15,2707.58,1138.44,9.66,CIGARETTES/ TOBACCO,1006.00,10542.09,14268.00,2668.00,1057.91,9.12,E CIG & VAPE ACCESSORIES,7.00,23.77,65.00,12.13,29.10,55.04,VUSE EPOD GRAPHITE BLACK,5000393169792,5.00,1.00,2.44,5.00,23.00,0.93,1.63,40.05,02/09/21,1190.00,10644.13,14490.15,2707.58,1138.44,9.66
TOBACCO,1190.00,10644.13,14490.15,2707.58,1138.44,9.66,CIGARETTES/ TOBACCO,1006.00,10542.09,14268.00,2668.00,1057.91,9.12,E CIG & VAPE ACCESSORIES,7.00,23.77,65.00,12.13,29.10,55.04,VYPE EPOD GRAPHITE GOLD,5000393368119,5.00,1.00,2.44,5.00,23.00,0.93,1.63,40.05,03/09/21,1190.00,10644.13,14490.15,2707.58,1138.44,9.66
TOBACCO,1190.00,10644.13,14490.15,2707.58,1138.44,9.66,CIGARETTES/ TOBACCO,1006.00,10542.09,14268.00,2668.00,1057.91,9.12,E CIG & VAPE ACCESSORIES,7.00,23.77,65.00,12.13,29.10,55.04,LOGIC COMPACT DEVICE BLK,5011054113016,15.00,2.00,6.08,30.00,23.00,5.60,18.32,75.08,30/08/21,1190.00,10644.13,14490.15,2707.58,1138.44,9.66
TOBACCO,1190.00,10644.13,14490.15,2707.58,1138.44,9.66,CIGARETTES/ TOBACCO,1006.00,10542.09,14268.00,2668.00,1057.91,9.12,E CIG & VAPE ACCESSORIES,7.00,23.77,65.00,12.13,29.10,55.04,LOGIC COMPACT DEVICE RED,5011054113078,5.00,1.00,3.05,5.00,23.00,0.93,1.02,25.06,24/08/21,1190.00,10644.13,14490.15,2707.58,1138.44,9.66
TOBACCO,1190.00,10644.13,14490.15,2707.58,1138.44,9.66,CIGARETTES/ TOBACCO,1006.00,10542.09,14268.00,2668.00,1057.91,9.12,TOBACCO,102.00,1517.05,2032.50,380.11,135.34,8.19,DRUM THE ORIGINAL TOBACCO 30G,4030700111269,19.90,4.00,59.24,79.60,23.00,14.88,5.48,8.47,03/09/21,1190.00,10644.13,14490.15,2707.58,1138.44,9.66
TOBACCO,1190.00,10644.13,14490.15,2707.58,1138.44,9.66,CIGARETTES/ TOBACCO,1006.00,10542.09,14268.00,2668.00,1057.91,9.12,TOBACCO,102.00,1517.05,2032.50,380.11,135.34,8.19,DRUM BRIGHT BLUE TOBACCO 30G,4030700111290,19.90,1.00,14.96,19.90,23.00,3.72,1.22,7.54,28/08/21,1190.00,10644.13,14490.15,2707.58,1138.44,9.66
TOBACCO,1190.00,10644.13,14490.15,2707.58,1138.44,9.66,CIGARETTES/ TOBACCO,1006.00,10542.09,14268.00,2668.00,1057.91,9.12,TOBACCO,102.00,1517.05,2032.50,380.11,135.34,8.19,JPS SILVER 30G VOLUME TOB,4030700111382,18.70,2.00,27.76,37.40,23.00,7.00,2.64,8.68,02/09/21,1190.00,10644.13,14490.15,2707.58,1138.44,9.66
TOBACCO,1190.00,10644.13,14490.15,2707.58,1138.44,9.66,CIGARETTES/ TOBACCO,1006.00,10542.09,14268.00,2668.00,1057.91,9.12,TOBACCO,102.00,1517.05,2032.50,380.11,135.34,8.19,JPS BLUE TOBACCO 30G,4030700111412,19.90,2.00,29.62,39.80,23.00,7.44,2.74,8.47,04/09/21,1190.00,10644.13,14490.15,2707.58,1138.44,9.66
TOBACCO,1190.00,10644.13,14490.15,2707.58,1138.44,9.66,CIGARETTES/ TOBACCO,1006.00,10542.09,14268.00,2668.00,1057.91,9.12,TOBACCO,102.00,1517.05,2032.50,380.11,135.34,8.19,GOLDEN VIRG ORIG TOBACCO 30G,4030700111443,19.70,8.00,117.04,157.60,23.00,29.44,11.12,8.68,04/09/21,1190.00,10644.13,14490.15,2707.58,1138.44,9.66
TOBACCO,1190.00,10644.13,14490.15,2707.58,1138.44,9.66,CIGARETTES/ TOBACCO,1006.00,10542.09,14268.00,2668.00,1057.91,9.12,TOBACCO,102.00,1517.05,2032.50,380.11,135.34,8.19,GOLDEN VIRG BRIGHT YEL 30 30G,4030700118046,18.90,2.00,28.14,37.80,23.00,7.06,2.60,8.46,03/09/21,1190.00,10644.13,14490.15,2707.58,1138.44,9.66
TOBACCO,1190.00,10644.13,14490.15,2707.58,1138.44,9.66,CIGARETTES/ TOBACCO,1006.00,10542.09,14268.00,2668.00,1057.91,9.12,TOBACCO,102.00,1517.05,2032.50,380.11,135.34,8.19,RIVERSTONE E/ROLL TOBACCO 30G,4030700124641,18.00,4.00,53.62,72.00,23.00,13.48,4.90,8.37,05/09/21,1190.00,10644.13,14490.15,2707.58,1138.44,9.66
TOBACCO,1190.00,10644.13,14490.15,2707.58,1138.44,9.66,CIGARETTES/ TOBACCO,1006.00,10542.09,14268.00,2668.00,1057.91,9.12,TOBACCO,102.00,1517.05,2032.50,380.11,135.34,8.19,AMBER LEAF ORIG BOX 30G,5011054101433,20.60,11.00,169.07,226.60,23.00,42.35,15.18,8.24,04/09/21,1190.00,10644.13,14490.15,2707.58,1138.44,9.66
TOBACCO,1190.00,10644.13,14490.15,2707.58,1138.44,9.66,CIGARETTES/ TOBACCO,1006.00,10542.09,14268.00,2668.00,1057.91,9.12,TOBACCO,102.00,1517.05,2032.50,380.11,135.34,8.19,AMBER LEAF BLOND POUC 30G,5011054101464,20.10,9.00,135.27,180.90,23.00,33.84,11.79,8.02,05/09/21,1190.00,10644.13,14490.15,2707.58,1138.44,9.66
TOBACCO,1190.00,10644.13,14490.15,2707.58,1138.44,9.66,CIGARETTES/ TOBACCO,1006.00,10542.09,14268.00,2668.00,1057.91,9.12,TOBACCO,102.00,1517.05,2032.50,380.11,135.34,8.19,OLD HOLBORN ORIG 30G POUC,5011054102003,21.10,2.00,31.42,42.20,23.00,7.90,2.88,8.40,30/08/21,1190.00,10644.13,14490.15,2707.58,1138.44,9.66
TOBACCO,1190.00,10644.13,14490.15,2707.58,1138.44,9.66,CIGARETTES/ TOBACCO,1006.00,10542.09,14268.00,2668.00,1057.91,9.12,TOBACCO,102.00,1517.05,2032.50,380.11,135.34,8.19,BENSON & HEDGES SPC VIRGI 25G,5011054102294,15.10,1.00,10.93,15.10,23.00,2.82,1.35,10.99,27/08/21,1190.00,10644.13,14490.15,2707.58,1138.44,9.66
TOBACCO,1190.00,10644.13,14490.15,2707.58,1138.44,9.66,CIGARETTES/ TOBACCO,1006.00,10542.09,14268.00,2668.00,1057.91,9.12,TOBACCO,102.00,1517.05,2032.50,380.11,135.34,8.19,AMBER LEAF BLOND BOX 30G,5011054102386,20.60,2.00,30.74,41.20,23.00,7.70,2.76,8.24,05/09/21,1190.00,10644.13,14490.15,2707.58,1138.44,9.66
TOBACCO,1190.00,10644.13,14490.15,2707.58,1138.44,9.66,CIGARETTES/ TOBACCO,1006.00,10542.09,14268.00,2668.00,1057.91,9.12,TOBACCO,102.00,1517.05,2032.50,380.11,135.34,8.19,AMBER LEAF ORIG POUCH 30G,5011054356437,20.10,52.00,781.56,1045.20,23.00,195.52,68.12,8.02,05/09/21,1190.00,10644.13,14490.15,2707.58,1138.44,9.66
TOBACCO,1190.00,10644.13,14490.15,2707.58,1138.44,9.66,CIGARETTES/ TOBACCO,1006.00,10542.09,14268.00,2668.00,1057.91,9.12,TOBACCO,102.00,1517.05,2032.50,380.11,135.34,8.19,CUTTERS CHOICE RYO 30G,96136058,18.60,2.00,27.68,37.20,23.00,6.96,2.56,8.47,04/09/21,1190.00,10644.13,14490.15,2707.58,1138.44,9.66
TOBACCO,1190.00,10644.13,14490.15,2707.58,1138.44,9.66,CIGARETTES/ TOBACCO,1006.00,10542.09,14268.00,2668.00,1057.91,9.12,VAPE LIQUIDS,46.00,142.76,270.50,50.50,77.24,35.11,HALE SAPPHIRE E-LIQUID 6 6MG,0799439431836,5.00,4.00,9.20,20.00,23.00,3.73,7.07,43.45,02/09/21,1190.00,10644.13,14490.15,2707.58,1138.44,9.66
TOBACCO,1190.00,10644.13,14490.15,2707.58,1138.44,9.66,CIGARETTES/ TOBACCO,1006.00,10542.09,14268.00,2668.00,1057.91,9.12,VAPE LIQUIDS,46.00,142.76,270.50,50.50,77.24,35.11,HALE MENTHOL E-LIQU 6MG,0799439432536,5.00,1.00,2.30,5.00,23.00,0.93,1.77,43.49,04/09/21,1190.00,10644.13,14490.15,2707.58,1138.44,9.66
TOBACCO,1190.00,10644.13,14490.15,2707.58,1138.44,9.66,CIGARETTES/ TOBACCO,1006.00,10542.09,14268.00,2668.00,1057.91,9.12,VAPE LIQUIDS,46.00,142.76,270.50,50.50,77.24,35.11,HALE MENTHOL E-LIQU 18MG,0799439432550,5.00,3.00,6.90,15.00,23.00,2.79,5.31,43.49,01/09/21,1190.00,10644.13,14490.15,2707.58,1138.44,9.66
TOBACCO,1190.00,10644.13,14490.15,2707.58,1138.44,9.66,CIGARETTES/ TOBACCO,1006.00,10542.09,14268.00,2668.00,1057.91,9.12,VAPE LIQUIDS,46.00,142.76,270.50,50.50,77.24,35.11,HALE STRWBERRY E-LIQUID 6 6MG,0799439432833,5.00,1.00,2.30,5.00,23.00,0.93,1.77,43.49,26/08/21,1190.00,10644.13,14490.15,2707.58,1138.44,9.66
TOBACCO,1190.00,10644.13,14490.15,2707.58,1138.44,9.66,CIGARETTES/ TOBACCO,1006.00,10542.09,14268.00,2668.00,1057.91,9.12,VAPE LIQUIDS,46.00,142.76,270.50,50.50,77.24,35.11,HALE STRWBERRY E-LIQUID18 18MG,0799439432857,5.00,2.00,4.60,10.00,23.00,1.86,3.54,43.49,04/09/21,1190.00,10644.13,14490.15,2707.58,1138.44,9.66
TOBACCO,1190.00,10644.13,14490.15,2707.58,1138.44,9.66,CIGARETTES/ TOBACCO,1006.00,10542.09,14268.00,2668.00,1057.91,9.12,VAPE LIQUIDS,46.00,142.76,270.50,50.50,77.24,35.11,RY4 HALE E LIQUID 18MG,0799439433007,5.00,2.00,4.60,10.00,23.00,1.86,3.54,43.49,03/09/21,1190.00,10644.13,14490.15,2707.58,1138.44,9.66
TOBACCO,1190.00,10644.13,14490.15,2707.58,1138.44,9.66,CIGARETTES/ TOBACCO,1006.00,10542.09,14268.00,2668.00,1057.91,9.12,VAPE LIQUIDS,46.00,142.76,270.50,50.50,77.24,35.11,VUSE EPEN3 WILDBERRY CAPS 6MG,5000393170484,6.00,3.00,8.79,18.00,23.00,3.36,5.85,39.96,27/08/21,1190.00,10644.13,14490.15,2707.58,1138.44,9.66
TOBACCO,1190.00,10644.13,14490.15,2707.58,1138.44,9.66,CIGARETTES/ TOBACCO,1006.00,10542.09,14268.00,2668.00,1057.91,9.12,VAPE LIQUIDS,46.00,142.76,270.50,50.50,77.24,35.11,LOGIC LQD VANILLA 12MG,5011054104076,6.00,1.00,3.66,6.00,23.00,1.12,1.22,25.00,26/08/21,1190.00,10644.13,14490.15,2707.58,1138.44,9.66
TOBACCO,1190.00,10644.13,14490.15,2707.58,1138.44,9.66,CIGARETTES/ TOBACCO,1006.00,10542.09,14268.00,2668.00,1057.91,9.12,VAPE LIQUIDS,46.00,142.76,270.50,50.50,77.24,35.11,LOGIC LQD MENTHOL 12MG,5011054104830,6.00,2.00,7.32,12.00,23.00,2.24,2.44,25.00,28/08/21,1190.00,10644.13,14490.15,2707.58,1138.44,9.66
TOBACCO,1190.00,10644.13,14490.15,2707.58,1138.44,9.66,CIGARETTES/ TOBACCO,1006.00,10542.09,14268.00,2668.00,1057.91,9.12,VAPE LIQUIDS,46.00,142.76,270.50,50.50,77.24,35.11,LOGIC LQD BERRY MINT 12MG,5011054104984,6.00,2.00,7.32,12.00,23.00,2.24,2.44,25.00,27/08/21,1190.00,10644.13,14490.15,2707.58,1138.44,9.66
TOBACCO,1190.00,10644.13,14490.15,2707.58,1138.44,9.66,CIGARETTES/ TOBACCO,1006.00,10542.09,14268.00,2668.00,1057.91,9.12,VAPE LIQUIDS,46.00,142.76,270.50,50.50,77.24,35.11,LOGIC LQD RST TOBACCO 12M,5011054105011,6.00,4.00,14.64,24.00,23.00,4.48,4.88,25.00,02/09/21,1190.00,10644.13,14490.15,2707.58,1138.44,9.66
TOBACCO,1190.00,10644.13,14490.15,2707.58,1138.44,9.66,CIGARETTES/ TOBACCO,1006.00,10542.09,14268.00,2668.00,1057.91,9.12,VAPE LIQUIDS,46.00,142.76,270.50,50.50,77.24,35.11,LOGIC COMPACT TOBCCO 12MG,5011054105615,7.00,1.00,4.27,7.00,23.00,1.31,1.42,24.96,24/08/21,1190.00,10644.13,14490.15,2707.58,1138.44,9.66
TOBACCO,1190.00,10644.13,14490.15,2707.58,1138.44,9.66,CIGARETTES/ TOBACCO,1006.00,10542.09,14268.00,2668.00,1057.91,9.12,VAPE LIQUIDS,46.00,142.76,270.50,50.50,77.24,35.11,LOGIC COMPACT MENTHL 12MG,5011054105677,7.00,2.00,8.54,14.00,23.00,2.62,2.84,24.96,01/09/21,1190.00,10644.13,14490.15,2707.58,1138.44,9.66
TOBACCO,1190.00,10644.13,14490.15,2707.58,1138.44,9.66,CIGARETTES/ TOBACCO,1006.00,10542.09,14268.00,2668.00,1057.91,9.12,VAPE LIQUIDS,46.00,142.76,270.50,50.50,77.24,35.11,LOGIC COMPACT CHERRY 18MG,5011054105707,7.00,1.00,4.27,7.00,23.00,1.31,1.42,24.96,23/08/21,1190.00,10644.13,14490.15,2707.58,1138.44,9.66
TOBACCO,1190.00,10644.13,14490.15,2707.58,1138.44,9.66,CIGARETTES/ TOBACCO,1006.00,10542.09,14268.00,2668.00,1057.91,9.12,VAPE LIQUIDS,46.00,142.76,270.50,50.50,77.24,35.11,LOGIC COMPACT BLUEBERRY 12MG,5011054109514,7.00,2.00,8.54,14.00,23.00,2.62,2.84,24.96,27/08/21,1190.00,10644.13,14490.15,2707.58,1138.44,9.66
TOBACCO,1190.00,10644.13,14490.15,2707.58,1138.44,9.66,CIGARETTES/ TOBACCO,1006.00,10542.09,14268.00,2668.00,1057.91,9.12,VAPE LIQUIDS,46.00,142.76,270.50,50.50,77.24,35.11,LOGIC COMPACT MENTHL 6MG,5011054109873,7.00,3.00,6.39,21.00,23.00,3.93,10.68,62.57,04/09/21,1190.00,10644.13,14490.15,2707.58,1138.44,9.66
TOBACCO,1190.00,10644.13,14490.15,2707.58,1138.44,9.66,CIGARETTES/ TOBACCO,1006.00,10542.09,14268.00,2668.00,1057.91,9.12,VAPE LIQUIDS,46.00,142.76,270.50,50.50,77.24,35.11,LOGIC COMP INTENSE PEPMIN 18MG,5011054109996,7.00,1.00,4.27,7.00,23.00,1.31,1.42,24.96,24/08/21,1190.00,10644.13,14490.15,2707.58,1138.44,9.66
TOBACCO,1190.00,10644.13,14490.15,2707.58,1138.44,9.66,CIGARETTES/ TOBACCO,1006.00,10542.09,14268.00,2668.00,1057.91,9.12,VAPE LIQUIDS,46.00,142.76,270.50,50.50,77.24,35.11,NORDIC SPR SMOOTHMINT REG 6MG,5011054113399,7.00,4.00,17.08,28.00,23.00,5.24,5.68,24.96,01/09/21,1190.00,10644.13,14490.15,2707.58,1138.44,9.66
TOBACCO,1190.00,10644.13,14490.15,2707.58,1138.44,9.66,CIGARETTES/ TOBACCO,1006.00,10542.09,14268.00,2668.00,1057.91,9.12,VAPE LIQUIDS,46.00,142.76,270.50,50.50,77.24,35.11,NORDIC SPR BERRY CITRUS 9 9MG,5011054113481,7.00,1.00,4.27,7.00,23.00,1.31,1.42,24.96,26/08/21,1190.00,10644.13,14490.15,2707.58,1138.44,9.66
TOBACCO,1190.00,10644.13,14490.15,2707.58,1138.44,9.66,CIGARETTES/ TOBACCO,1006.00,10542.09,14268.00,2668.00,1057.91,9.12,VAPE LIQUIDS,46.00,142.76,270.50,50.50,77.24,35.11,CIRRO 50:50 UTT MENTHOL 6MG,5060545274415,4.50,3.00,6.60,13.50,23.00,2.52,4.38,39.89,25/08/21,1190.00,10644.13,14490.15,2707.58,1138.44,9.66
TOBACCO,1190.00,10644.13,14490.15,2707.58,1138.44,9.66,CIGARETTES/ TOBACCO,1006.00,10542.09,14268.00,2668.00,1057.91,9.12,VAPE LIQUIDS,46.00,142.76,270.50,50.50,77.24,35.11,BUBBLE GUM ELIQUID 12MG,5391519812488,5.00,2.00,4.60,10.00,23.00,1.86,3.54,43.49,26/08/21,1190.00,10644.13,14490.15,2707.58,1138.44,9.66
TOBACCO,1190.00,10644.13,14490.15,2707.58,1138.44,9.66,CIGARETTES/ TOBACCO,1006.00,10542.09,14268.00,2668.00,1057.91,9.12,VAPE LIQUIDS,46.00,142.76,270.50,50.50,77.24,35.11,BUBBLE GUM ELIQUID 18MG,5391519812495,5.00,1.00,2.30,5.00,23.00,0.93,1.77,43.49,01/09/21,1190.00,10644.13,14490.15,2707.58,1138.44,9.66
TOBACCO,1190.00,10644.13,14490.15,2707.58,1138.44,9.66,TOBACCO ACCESSORIES,184.00,102.04,222.15,39.58,80.53,44.11,LIGHTERS,43.00,38.33,78.49,14.79,25.37,39.83,CRICKET LIGHTER SIMPLICI STD,8710732229915,1.75,42.00,35.70,73.50,23.00,13.86,23.94,40.14,04/09/21,1190.00,10644.13,14490.15,2707.58,1138.44,9.66
TOBACCO,1190.00,10644.13,14490.15,2707.58,1138.44,9.66,TOBACCO ACCESSORIES,184.00,102.04,222.15,39.58,80.53,44.11,LIGHTERS,43.00,38.33,78.49,14.79,25.37,39.83,CRICKET FIREFLEX CLIPSTRI UNIT   1,8710732230461,4.99,1.00,2.63,4.99,23.00,0.93,1.43,35.22,04/09/21,1190.00,10644.13,14490.15,2707.58,1138.44,9.66
TOBACCO,1190.00,10644.13,14490.15,2707.58,1138.44,9.66,TOBACCO ACCESSORIES,184.00,102.04,222.15,39.58,80.53,44.11,MATCHES,11.00,4.94,8.55,1.61,2.00,28.82,MP MATCHES EXTRA LONG 12 x 3,5011078210005,1.35,5.00,4.10,6.75,23.00,1.25,1.40,25.45,05/09/21,1190.00,10644.13,14490.15,2707.58,1138.44,9.66
TOBACCO,1190.00,10644.13,14490.15,2707.58,1138.44,9.66,TOBACCO ACCESSORIES,184.00,102.04,222.15,39.58,80.53,44.11,MATCHES,11.00,4.94,8.55,1.61,2.00,28.82,MATCHES CARA BOX. 100PK,53999245,0.30,6.00,0.84,1.80,23.00,0.36,0.60,41.67,03/09/21,1190.00,10644.13,14490.15,2707.58,1138.44,9.66
TOBACCO,1190.00,10644.13,14490.15,2707.58,1138.44,9.66,TOBACCO ACCESSORIES,184.00,102.04,222.15,39.58,80.53,44.11,PAPERS,130.00,58.77,135.11,23.18,53.16,47.49,OCB VIRGIN SLIM PAPER & T,3057067336327,2.00,8.00,7.76,16.00,23.00,2.96,5.28,40.49,04/09/21,1190.00,10644.13,14490.15,2707.58,1138.44,9.66
TOBACCO,1190.00,10644.13,14490.15,2707.58,1138.44,9.66,TOBACCO ACCESSORIES,184.00,102.04,222.15,39.58,80.53,44.11,PAPERS,130.00,58.77,135.11,23.18,53.16,47.49,RIZLA MENTHOL ULTRA SLIM 120,4030700130628,1.30,3.00,2.13,3.90,23.00,0.72,1.05,33.02,01/09/21,1190.00,10644.13,14490.15,2707.58,1138.44,9.66
TOBACCO,1190.00,10644.13,14490.15,2707.58,1138.44,9.66,TOBACCO ACCESSORIES,184.00,102.04,222.15,39.58,80.53,44.11,PAPERS,130.00,58.77,135.11,23.18,53.16,47.49,RIZLA ULTRA SLIM FILT TIP 120,4030700131250,1.40,30.00,21.30,42.00,23.00,7.80,12.90,37.72,05/09/21,1190.00,10644.13,14490.15,2707.58,1138.44,9.66
TOBACCO,1190.00,10644.13,14490.15,2707.58,1138.44,9.66,TOBACCO ACCESSORIES,184.00,102.04,222.15,39.58,80.53,44.11,PAPERS,130.00,58.77,135.11,23.18,53.16,47.49,RIZLA KINGSIZE BLUE SLIMS 1   32,5010891010434,0.90,3.00,1.53,2.70,23.00,0.51,0.66,30.14,03/09/21,1190.00,10644.13,14490.15,2707.58,1138.44,9.66
TOBACCO,1190.00,10644.13,14490.15,2707.58,1138.44,9.66,TOBACCO ACCESSORIES,184.00,102.04,222.15,39.58,80.53,44.11,PAPERS,130.00,58.77,135.11,23.18,53.16,47.49,SWAN SLIMLINE F/TIPS LOOS 150PK,50226962,1.43,7.00,4.06,10.01,0.00,0.00,5.95,59.44,04/09/21,1190.00,10644.13,14490.15,2707.58,1138.44,9.66
TOBACCO,1190.00,10644.13,14490.15,2707.58,1138.44,9.66,TOBACCO ACCESSORIES,184.00,102.04,222.15,39.58,80.53,44.11,PAPERS,130.00,58.77,135.11,23.18,53.16,47.49,RIZLA REG PAPERS RED 50'S,54006850,0.60,5.00,0.90,3.00,23.00,0.55,1.55,63.27,03/09/21,1190.00,10644.13,14490.15,2707.58,1138.44,9.66
TOBACCO,1190.00,10644.13,14490.15,2707.58,1138.44,9.66,TOBACCO ACCESSORIES,184.00,102.04,222.15,39.58,80.53,44.11,PAPERS,130.00,58.77,135.11,23.18,53.16,47.49,RIZLA REG PAPER GREEN 50S,54006867,0.60,40.00,6.80,24.00,23.00,4.43,12.77,65.25,05/09/21,1190.00,10644.13,14490.15,2707.58,1138.44,9.66
TOBACCO,1190.00,10644.13,14490.15,2707.58,1138.44,9.66,TOBACCO ACCESSORIES,184.00,102.04,222.15,39.58,80.53,44.11,PAPERS,130.00,58.77,135.11,23.18,53.16,47.49,RIZLA REG PAPERS BLUE 50S,54006874,0.60,16.00,2.72,9.60,23.00,1.77,5.11,65.26,04/09/21,1190.00,10644.13,14490.15,2707.58,1138.44,9.66
TOBACCO,1190.00,10644.13,14490.15,2707.58,1138.44,9.66,TOBACCO ACCESSORIES,184.00,102.04,222.15,39.58,80.53,44.11,PAPERS,130.00,58.77,135.11,23.18,53.16,47.49,RIZLA PAPER GREEN 32LEAVE,54034488,1.00,3.00,1.56,3.00,23.00,0.57,0.87,35.80,31/08/21,1190.00,10644.13,14490.15,2707.58,1138.44,9.66
TOBACCO,1190.00,10644.13,14490.15,2707.58,1138.44,9.66,TOBACCO ACCESSORIES,184.00,102.04,222.15,39.58,80.53,44.11,PAPERS,130.00,58.77,135.11,23.18,53.16,47.49,RIZLA KING SILVER SLIMS,54034518,1.50,3.00,2.37,4.50,23.00,0.84,1.29,35.25,29/08/21,1190.00,10644.13,14490.15,2707.58,1138.44,9.66
TOBACCO,1190.00,10644.13,14490.15,2707.58,1138.44,9.66,TOBACCO ACCESSORIES,184.00,102.04,222.15,39.58,80.53,44.11,PAPERS,130.00,58.77,135.11,23.18,53.16,47.49,MASCOTTE GREEN 50 206G,8710993003644,0.50,2.00,0.34,1.00,23.00,0.18,0.48,58.54,03/09/21,1190.00,10644.13,14490.15,2707.58,1138.44,9.66
TOBACCO,1190.00,10644.13,14490.15,2707.58,1138.44,9.66,TOBACCO ACCESSORIES,184.00,102.04,222.15,39.58,80.53,44.11,PAPERS,130.00,58.77,135.11,23.18,53.16,47.49,MASCOTTE PRCUT FILTE5.3MM,8710993005136,1.08,4.00,2.28,4.32,23.00,0.80,1.24,35.23,01/09/21,1190.00,10644.13,14490.15,2707.58,1138.44,9.66
TOBACCO,1190.00,10644.13,14490.15,2707.58,1138.44,9.66,TOBACCO ACCESSORIES,184.00,102.04,222.15,39.58,80.53,44.11,PAPERS,130.00,58.77,135.11,23.18,53.16,47.49,MASCOTTE PRECUT FILTE 6MM,8710993005822,1.08,1.00,0.57,1.08,23.00,0.20,0.31,35.23,25/08/21,1190.00,10644.13,14490.15,2707.58,1138.44,9.66
TOBACCO,1190.00,10644.13,14490.15,2707.58,1138.44,9.66,TOBACCO ACCESSORIES,184.00,102.04,222.15,39.58,80.53,44.11,PAPERS,130.00,58.77,135.11,23.18,53.16,47.49,MASCOTTE  PAPERS&TIPS 200G,8710993007178,2.00,5.00,4.45,10.00,23.00,1.85,3.70,45.40,05/09/21,1190.00,10644.13,14490.15,2707.58,1138.44,9.66

Textbox221,Textbox222,Textbox223,Textbox224,Textbox937,Textbox938,Textbox939
0.00,10.01,10.01,0.00,"14,490.15","11,782.57","2,707.58"
23.00,"14,480.14","11,772.56","2,707.58","14,490.15","11,782.57","2,707.58"

